{
  "CALCITE-1288": 75.44061946868896,
  "CALCITE-1309": 73.35955739021301,
  "CALCITE-627": 58.31621289253235,
  "CALCITE-655": 3.138486623764038,
  "CALCITE-718": 4.02450704574585,
  "CALCITE-758": 60.53880953788757,
  "CALCITE-767": 37.45316553115845,
  "CALCITE-803": 59.98364186286926,
  "CALCITE-811": 61.279598236083984,
  "CALCITE-991": 74.19815993309021,
  "COMPRESS-327": 7.124152660369873,
  "COMPRESS-369": 7.151408433914185,
  "COMPRESS-373": 7.026803255081177,
  "COMPRESS-374": 7.241769790649414,
  "COMPRESS-375": 7.2694196701049805,
  "CONFIGURATION-466": 6.973776817321777,
  "CONFIGURATION-624": 4.00363564491272,
  "CONFIGURATION-626": 3.713094711303711,
  "CSV-159": 1.8707349300384521,
  "CSV-175": 1.8712780475616455,
  "CSV-179": 2.009864330291748,
  "CSV-180": 2.0094692707061768,
  "FLUME-1710": 4.783580541610718,
  "FLUME-2052": 2.947446823120117,
  "FLUME-2056": 5.010543584823608,
  "FLUME-2130": 4.546057462692261,
  "FLUME-2206": 2.868412971496582,
  "FLUME-2498": 6.779378414154053,
  "FLUME-2628": 11.894358158111572,
  "FLUME-2955": 6.807798862457275,
  "FLUME-2982": 3.555396556854248,
  "IO-173": 4.903937578201294,
  "IO-275": 4.7389750480651855,
  "IO-288": 6.133225202560425,
  "IO-290": 4.683197021484375,
  "IO-305": 4.794724941253662,
  "LANG-1006": 19.689096689224243,
  "LANG-1033": 18.004122734069824,
  "LANG-1080": 17.66580080986023,
  "LANG-1088": 11.650254726409912,
  "LANG-1093": 19.223345279693604,
  "LANG-883": 17.801122903823853,
  "LANG-993": 17.550013303756714,
  "LANG-999": 19.479110717773438,
  "MNG-4904": 5.406599283218384,
  "MNG-4909": 4.08823823928833,
  "MNG-4910": 4.9390904903411865,
  "MNG-5530": 11.441782236099243,
  "MNG-5549": 14.450394630432129,
  "NET-436": 7.9965174198150635,
  "NET-525": 26.636581897735596,
  "NET-527": 26.44973587989807,
  "PDFBOX-3069": 23.21417784690857,
  "PDFBOX-3262": 8.550201892852783,
  "PDFBOX-3307": 10.221165418624878,
  "PDFBOX-3418": 9.762352228164673,
  "PDFBOX-3461": 23.158114910125732
}