{
  "IO": {
    "F_total": 10.072676658630371,
    "F_static": 4.558294773101807,
    "F_test": 4.299390077590942,
    "F_query": 1.214991807937622,
    "C_total": 25.25405979156494,
    "N": 5,
    "FvC": 0.39885375823790226
  },
  "CONFIG": {
    "F_total": 11.732969284057617,
    "F_static": 3.394132137298584,
    "F_test": 2.1450159549713135,
    "F_query": 6.19382119178772,
    "C_total": 7.716730356216431,
    "N": 2,
    "FvC": 1.5204586324058598
  },
  "COMPRESS": {
    "F_total": 17.523420810699463,
    "F_static": 6.434417247772217,
    "F_test": 5.832880735397339,
    "F_query": 5.256122827529907,
    "C_total": 35.81355381011963,
    "N": 5,
    "FvC": 0.4892957818039262
  },
  "FLUME-1": {
    "F_total": 8.778958797454834,
    "F_static": 5.045428037643433,
    "F_test": 2.373924493789673,
    "F_query": 1.3596062660217285,
    "C_total": 12.425014019012451,
    "N": 3,
    "FvC": 0.7065552428368682
  },
  "NET": {
    "F_total": 22.287193059921265,
    "F_static": 19.204111576080322,
    "F_test": 2.1274242401123047,
    "F_query": 0.9556572437286377,
    "C_total": 53.08631777763367,
    "N": 2,
    "FvC": 0.4198293268950612
  },
  "FLUME-2": {
    "F_total": 10.559201002120972,
    "F_static": 7.979861497879028,
    "F_test": 2.024553060531616,
    "F_query": 0.5547864437103271,
    "C_total": 25.4815354347229,
    "N": 3,
    "FvC": 0.41438637122833166
  },
  "MAVEN-1": {
    "F_total": 13.15769100189209,
    "F_static": 5.4342360496521,
    "F_test": 2.999948501586914,
    "F_query": 4.723506450653076,
    "C_total": 14.4339280128479,
    "N": 3,
    "FvC": 0.9115807554381725
  },
  "LANG": {
    "F_total": 35.25453066825867,
    "F_static": 14.524916887283325,
    "F_test": 9.299354791641235,
    "F_query": 11.430258989334106,
    "C_total": 141.06286716461182,
    "N": 8,
    "FvC": 0.2499207011517692
  },
  "MAVEN-2": {
    "F_total": 20.858820915222168,
    "F_static": 14.854294538497925,
    "F_test": 2.266541004180908,
    "F_query": 3.737985372543335,
    "C_total": 25.892176866531372,
    "N": 2,
    "FvC": 0.8056032145441043
  },
  "CSV": {
    "F_total": 5.266470432281494,
    "F_static": 2.125953197479248,
    "F_test": 2.3363704681396484,
    "F_query": 0.8041467666625977,
    "C_total": 7.7613465785980225,
    "N": 4,
    "FvC": 0.6785511224049484
  }
}